"RK",TIERS,"PLAYER NAME",TEAM,"POS","BEST","WORST","AVG.","STD.DEV","ECR VS. ADP"
"1",1,"Christian McCaffrey",SF,"RB1","1","2","1.1","0.2","-"
"2",1,"Austin Ekeler",LAC,"RB2","2","5","2.5","0.9","-"
"3",1,"Jonathan Taylor",IND,"RB3","2","7","3.3","1.1","-"
"4",2,"Saquon Barkley",NYG,"RB4","3","12","5.6","2.6","-"
"5",2,"Justin Jefferson",MIN,"WR1","6","10","6.5","1.3","-"
"6",2,"Kenneth Walker III",SEA,"RB5","5","17","7.5","3.1","-"
"7",2,"Travis Kelce",KC,"TE1","9","9","9.0","0.0","-"
"8",2,"Ja'Marr Chase",CIN,"WR2","6","10","9.3","1.6","-"
"9",3,"Cooper Kupp",LAR,"WR3","11","20","13.1","2.7","-"
"10",3,"Nick Chubb",CLE,"RB6","5","25","14.3","7.3","-"
"11",3,"Tyreek Hill",MIA,"WR4","11","23","14.6","3.7","-"
"12",3,"Travis Etienne Jr.",JAC,"RB7","7","25","14.9","5.1","-"
"13",3,"Josh Jacobs",LV,"RB8","5","27","15.4","5.4","-"
"14",3,"Davante Adams",LV,"WR5","11","23","15.9","3.6","-"
"15",3,"CeeDee Lamb",DAL,"WR6","11","22","16.0","3.8","-"
"16",3,"Breece Hall",NYJ,"RB9","4","35","16.7","9.0","-"
"17",3,"Rhamondre Stevenson",NE,"RB10","7","26","17.1","4.9","-"
"18",3,"Derrick Henry",TEN,"RB11","5","32","17.5","10.4","-"
"19",3,"Stefon Diggs",BUF,"WR7","13","23","18.8","3.6","-"
"20",4,"A.J. Brown",PHI,"WR8","13","26","20.4","3.9","-"
"21",4,"Amon-Ra St. Brown",DET,"WR9","14","26","21.8","2.5","-"
"22",4,"Mark Andrews",BAL,"TE2","19","51","24.4","10.7","-"
"23",4,"Garrett Wilson",NYJ,"WR10","14","34","25.9","5.1","-"
"24",4,"Najee Harris",PIT,"RB12","18","35","25.9","5.6","-"
"25",4,"Jaylen Waddle",MIA,"WR11","17","33","27.3","3.0","-"
"26",4,"Tee Higgins",CIN,"WR12","22","42","27.8","4.8","-"
"27",4,"T.J. Hockenson",MIN,"TE3","19","30","28.0","4.2","-"
"28",5,"Tony Pollard",DAL,"RB13","18","38","28.4","5.2","-"
"29",5,"DeVonta Smith",PHI,"WR13","24","37","30.9","3.9","-"
"30",5,"D'Andre Swift",DET,"RB14","18","44","32.3","7.2","-"
"31",5,"Javonte Williams",DEN,"RB15","12","55","32.3","13.1","-"
"32",5,"Joe Mixon",CIN,"RB16","16","60","33.4","13.2","-"
"33",5,"DK Metcalf",SEA,"WR14","26","42","33.4","4.4","-"
"34",5,"Dalvin Cook",MIN,"RB17","18","48","35.4","8.3","-"
"35",5,"Aaron Jones",GB,"RB18","27","41","35.9","4.4","-"
"36",5,"Chris Olave",NO,"WR15","23","46","36.4","6.5","-"
"37",5,"Josh Allen",BUF,"QB1","36","45","37.1","2.4","-"
"38",5,"Chris Godwin",TB,"WR16","26","53","39.1","7.2","-"
"39",5,"Deebo Samuel",SF,"WR17","28","58","39.1","6.8","-"
"40",5,"Patrick Mahomes II",KC,"QB2","36","45","40.7","2.3","-"
"41",6,"Jalen Hurts",PHI,"QB3","36","45","43.5","2.7","-"
"42",6,"Dameon Pierce",HOU,"RB19","35","73","44.8","9.2","-"
"43",6,"Drake London",ATL,"WR18","29","61","47.2","8.3","-"
"44",6,"Amari Cooper",CLE,"WR19","37","58","47.4","7.7","-"
"45",6,"Keenan Allen",LAC,"WR20","34","65","47.8","9.0","-"
"46",6,"DeAndre Hopkins",ARI,"WR21","39","61","49.8","5.8","-"
"47",6,"Michael Pittman Jr.",IND,"WR22","42","63","50.2","7.4","-"
"48",6,"Kyle Pitts",ATL,"TE4","30","67","50.4","9.3","-"
"49",6,"J.K. Dobbins",BAL,"RB20","35","70","50.6","9.9","-"
"50",6,"Alvin Kamara",NO,"RB21","44","73","51.3","7.4","-"
"51",6,"DJ Moore",CHI,"WR23","39","63","51.6","7.2","-"
"52",6,"Joe Burrow",CIN,"QB4","50","68","52.5","5.9","-"
"53",6,"Cam Akers",LAR,"RB22","31","74","53.4","12.3","-"
"54",6,"James Conner",ARI,"RB23","41","74","53.6","8.6","-"
"55",6,"Mike Williams",LAC,"WR24","39","72","57.3","9.6","-"
"56",6,"Christian Watson",GB,"WR25","43","76","57.4","9.0","-"
"57",6,"George Kittle",SF,"TE5","51","89","57.7","12.7","-"
"58",7,"Rachaad White",TB,"RB24","48","81","58.8","10.4","-"
"59",7,"Terry McLaurin",WAS,"WR26","53","75","62.1","7.5","-"
"60",7,"Jerry Jeudy",DEN,"WR27","53","76","63.2","7.2","-"
"61",7,"Dallas Goedert",PHI,"TE6","51","71","64.6","6.4","-"
"62",7,"Tyler Allgeier",ATL,"RB25","56","84","64.9","6.9","-"
"63",7,"Tyler Lockett",SEA,"WR28","34","86","66.3","12.4","-"
"64",7,"Mike Evans",TB,"WR29","53","80","66.5","8.3","-"
"65",7,"Diontae Johnson",PIT,"WR30","59","77","66.6","5.5","-"
"66",7,"Marquise Brown",ARI,"WR31","54","76","66.9","7.0","-"
"67",7,"Brandon Aiyuk",SF,"WR32","52","76","67.9","8.0","-"
"68",7,"Justin Fields",CHI,"QB5","50","79","69.0","6.3","-"
"69",7,"David Montgomery",DET,"RB26","48","90","69.1","11.5","-"
"70",7,"Lamar Jackson",BAL,"QB6","50","78","69.8","6.5","-"
"71",7,"Miles Sanders",FA,"RB27","55","83","70.0","8.1","-"
"72",7,"Christian Kirk",JAC,"WR33","58","86","72.3","8.4","-"
"73",7,"James Cook",BUF,"RB28","56","84","73.6","9.0","-"
"74",7,"Isiah Pacheco",KC,"RB29","55","92","74.6","11.9","-"
"75",7,"AJ Dillon",GB,"RB30","64","84","75.0","7.7","-"
"76",7,"Justin Herbert",LAC,"QB7","69","85","76.8","5.0","-"
"77",8,"Trevor Lawrence",JAC,"QB8","69","85","77.9","3.7","-"
"78",8,"Treylon Burks",TEN,"WR34","59","107","80.4","12.5","-"
"79",8,"Brian Robinson Jr.",WAS,"RB31","60","92","80.5","8.8","-"
"80",8,"George Pickens",PIT,"WR35","57","97","81.1","12.0","-"
"81",8,"Pat Freiermuth",PIT,"TE7","71","95","82.6","10.4","-"
"82",8,"Dak Prescott",DAL,"QB9","79","99","85.8","3.8","-"
"83",8,"Khalil Herbert",CHI,"RB32","62","114","86.1","10.8","-"
"84",8,"Antonio Gibson",WAS,"RB33","74","116","86.4","12.0","-"
"85",8,"David Njoku",CLE,"TE8","71","102","89.8","9.7","-"
"86",8,"Darren Waller",NYG,"TE9","52","135","90.3","19.5","-"
"87",8,"Evan Engram",JAC,"TE10","71","102","90.4","10.3","-"
"88",8,"Leonard Fournette",FA,"RB34","74","143","90.8","18.5","-"
"89",8,"Ezekiel Elliott",DAL,"RB35","83","116","91.9","8.7","-"
"90",8,"Courtland Sutton",DEN,"WR36","75","109","92.3","11.6","-"
"91",8,"Deshaun Watson",CLE,"QB10","87","125","93.3","10.0","-"
"92",8,"Kareem Hunt",FA,"RB36","81","131","94.4","14.4","-"
"93",8,"Dalton Schultz",FA,"TE11","89","128","98.9","8.6","-"
"94",8,"Rashod Bateman",BAL,"WR37","86","112","99.5","7.2","-"
"95",8,"Kirk Cousins",MIN,"QB11","87","124","100.2","9.5","-"
"96",9,"Jahan Dotson",WAS,"WR38","96","113","102.3","5.6","-"
"97",9,"Darnell Mooney",CHI,"WR39","96","111","102.4","5.8","-"
"98",9,"Damien Harris",FA,"RB37","91","131","102.8","12.7","-"
"99",9,"Jakobi Meyers",LV,"WR40","96","122","104.0","6.3","-"
"100",9,"Jameson Williams",DET,"WR41","80","118","104.8","10.8","-"
"101",9,"Jamaal Williams",FA,"RB38","88","120","104.8","11.6","-"
"102",9,"Bijan Robinson",FA,"RB39","4","132","38.1","48.5","-"
"103",9,"Calvin Ridley",JAC,"WR42","76","129","105.4","15.9","-"
"104",9,"Tua Tagovailoa",MIA,"QB12","99","126","106.4","9.6","-"
"105",9,"JuJu Smith-Schuster",FA,"WR43","98","133","106.8","9.0","-"
"106",9,"Jerick McKinnon",FA,"RB40","84","161","107.3","21.9","-"
"107",9,"Gabe Davis",BUF,"WR44","98","121","108.4","5.6","-"
"108",9,"Devin Singletary",FA,"RB41","91","147","111.3","16.5","-"
"109",9,"Cole Kmet",CHI,"TE12","101","141","111.5","14.6","-"
"110",9,"Elijah Moore",NYJ,"WR45","96","137","111.8","10.4","-"
"111",9,"Rondale Moore",ARI,"WR46","103","136","112.0","8.8","-"
"112",9,"Brandin Cooks",HOU,"WR47","96","134","113.0","11.5","-"
"113",9,"Elijah Mitchell",SF,"RB42","92","139","115.6","11.6","-"
"114",9,"Daniel Jones",NYG,"QB13","87","160","116.1","23.6","-"
"115",9,"Zay Jones",JAC,"WR48","107","134","117.6","8.9","-"
"116",9,"Kadarius Toney",KC,"WR49","106","130","117.7","7.4","-"
"117",9,"Alexander Mattison",FA,"RB43","108","143","122.6","9.6","-"
"118",9,"Dawson Knox",BUF,"TE13","104","144","123.6","13.9","-"
"119",9,"Geno Smith",SEA,"QB14","99","168","124.6","21.4","-"
"120",9,"Kenneth Gainwell",PHI,"RB44","94","157","125.9","14.5","-"
"121",9,"Donovan Peoples-Jones",CLE,"WR50","110","150","125.9","11.7","-"
"122",9,"Michael Thomas",NO,"WR51","118","150","128.8","10.6","-"
"123",9,"Jared Goff",DET,"QB15","101","168","128.9","18.5","-"
"124",10,"Trey Lance",SF,"QB16","101","172","133.3","21.4","-"
"125",10,"Greg Dulcich",DEN,"TE14","95","153","135.1","14.6","-"
"126",10,"Hunter Renfrow",LV,"WR52","109","187","135.4","21.3","-"
"127",10,"Wan'Dale Robinson",NYG,"WR53","112","185","135.8","16.7","-"
"128",10,"Kyler Murray",ARI,"QB17","100","196","136.1","32.1","-"
"129",10,"Jeff Wilson Jr.",FA,"RB45","116","192","136.5","22.3","-"
"130",10,"Rashaad Penny",FA,"RB46","117","177","136.9","18.6","-"
"131",10,"Raheem Mostert",MIA,"RB47","115","162","138.3","16.5","-"
"132",10,"Tyler Boyd",CIN,"WR54","122","149","138.7","8.2","-"
"133",10,"Nico Collins",HOU,"WR55","123","185","138.7","14.6","-"
"134",10,"Allen Lazard",NYJ,"WR56","121","186","139.3","17.8","-"
"135",10,"Skyy Moore",KC,"WR57","111","152","139.4","11.0","-"
"136",10,"Trey McBride",ARI,"TE15","128","166","139.8","9.7","-"
"137",10,"Joshua Palmer",LAC,"WR58","110","152","140.8","11.1","-"
"138",10,"Russell Wilson",DEN,"QB18","119","193","141.4","22.0","-"
"139",10,"Tyler Higbee",LAR,"TE16","128","165","142.4","9.4","-"
"140",10,"Chuba Hubbard",CAR,"RB48","117","174","142.9","14.2","-"
"141",10,"Gerald Everett",LAC,"TE17","140","153","142.9","2.9","-"
"142",10,"Michael Gallup",DAL,"WR59","123","186","144.1","17.0","-"
"143",10,"Chase Claypool",CHI,"WR60","136","186","147.1","11.3","-"
"144",10,"Chigoziem Okonkwo",TEN,"TE18","135","165","147.9","7.5","-"
"145",10,"D'Onta Foreman",FA,"RB49","115","192","149.4","29.1","-"
"146",10,"Jaylen Warren",PIT,"RB50","114","174","150.8","17.9","-"
"147",10,"Cordarrelle Patterson",ATL,"RB51","127","189","152.8","16.7","-"
"148",10,"Romeo Doubs",GB,"WR61","129","187","153.1","18.1","-"
"149",10,"Aaron Rodgers",GB,"QB19","99","178","153.5","21.4","-"
"150",10,"Michael Carter",NYJ,"RB52","115","199","153.5","19.0","-"
"151",10,"Clyde Edwards-Helaire",KC,"RB53","132","264","154.6","29.9","-"
"152",10,"Zach Ertz",ARI,"TE19","140","236","155.3","24.8","-"
"153",10,"San Francisco 49ers",SF,"DST1","155","164","157.2","2.9","-"
"154",10,"Buffalo Bills",BUF,"DST2","155","169","157.8","4.1","-"
"155",10,"Samaje Perine",DEN,"RB54","132","198","161.1","18.5","-"
"156",10,"DJ Chark Jr.",FA,"WR62","148","206","162.0","20.5","-"
"157",11,"Alec Pierce",IND,"WR63","148","194","163.3","16.4","-"
"158",11,"Dallas Cowboys",DAL,"DST3","155","200","164.6","13.6","-"
"159",11,"Adam Thielen",FA,"WR64","110","206","168.1","28.4","-"
"160",11,"Noah Fant",SEA,"TE20","144","190","168.3","11.7","-"
"161",11,"Derek Carr",NO,"QB20","125","193","168.9","13.8","-"
"162",11,"Matthew Stafford",LAR,"QB21","126","193","169.3","14.2","-"
"163",11,"Mike Gesicki",FA,"TE21","165","190","169.6","7.4","-"
"164",11,"Philadelphia Eagles",PHI,"DST4","156","224","169.9","14.8","-"
"165",11,"Jahmyr Gibbs",FA,"RB55","44","235","117.8","65.8","-"
"166",11,"Zamir White",LV,"RB56","139","217","171.6","24.0","-"
"167",11,"Denver Broncos",DEN,"DST5","164","180","172.1","4.8","-"
"168",11,"Justin Tucker",BAL,"K1","175","175","175.0","0.0","-"
"169",11,"Hunter Henry",NE,"TE22","142","236","175.4","22.8","-"
"170",11,"K.J. Osborn",MIN,"WR65","130","213","175.8","23.5","-"
"171",11,"Curtis Samuel",WAS,"WR66","148","203","176.1","19.6","-"
"172",11,"Hayden Hurst",FA,"TE23","165","232","177.5","16.4","-"
"173",11,"New England Patriots",NE,"DST6","159","225","179.5","14.6","-"
"174",11,"D'Ernest Johnson",FA,"RB57","147","259","180.1","33.0","-"
"175",11,"Baltimore Ravens",BAL,"DST7","170","213","180.9","15.5","-"
"176",11,"Kenny Pickett",PIT,"QB22","168","202","181.8","10.6","-"
"177",11,"Tyler Bass",BUF,"K2","181","191","182.2","2.5","-"
"178",11,"Chase Edmonds",FA,"RB58","154","245","185.2","30.6","-"
"179",11,"Allen Robinson II",LAR,"WR67","151","222","188.1","15.6","-"
"180",11,"Daniel Carlson",LV,"K3","181","215","188.9","9.6","-"
"181",11,"New York Jets",NYJ,"DST8","156","318","189.1","49.6","-"
"182",11,"Isaiah Spiller",LAC,"RB59","174","274","192.2","29.4","-"
"183",11,"Tampa Bay Buccaneers",TB,"DST9","156","243","195.3","21.5","-"
"184",11,"Isaiah Hodgins",NYG,"WR68","130","226","195.4","24.5","-"
"185",11,"Harrison Butker",KC,"K4","184","218","195.7","9.7","-"
"186",11,"Joshua Kelley",LAC,"RB60","138","259","196.4","32.0","-"
"187",11,"Pierre Strong Jr.",NE,"RB61","158","264","196.9","30.5","-"
"188",11,"Daniel Bellinger",NYG,"TE24","182","244","198.3","21.1","-"
"189",11,"Zonovan Knight",NYJ,"RB62","147","238","198.6","27.2","-"
"190",12,"Evan McPherson",CIN,"K5","184","215","199.8","8.4","-"
"191",12,"Rashid Shaheed",NO,"WR69","152","225","199.8","16.5","-"
"192",12,"Russell Gage",TB,"WR70","186","226","200.2","12.7","-"
"193",12,"Quentin Johnston",FA,"WR71","105","244","156.6","53.7","-"
"194",12,"Mecole Hardman",FA,"WR72","194","240","206.1","11.7","-"
"195",12,"Darius Slayton",FA,"WR73","185","243","206.4","19.2","-"
"196",12,"Juwan Johnson",NO,"TE25","142","260","207.6","36.5","-"
"197",12,"Tyquan Thornton",NE,"WR74","151","240","207.6","18.8","-"
"198",12,"Mac Jones",NE,"QB23","193","316","207.8","31.4","-"
"199",12,"Parris Campbell",FA,"WR75","187","242","207.9","17.7","-"
"200",12,"Jaxon Smith-Njigba",FA,"WR76","105","247","164.8","57.6","-"
"201",12,"Robert Woods",HOU,"WR77","186","262","208.4","25.1","-"
"202",12,"Zach Charbonnet",FA,"RB63","35","264","165.3","80.8","-"
"203",12,"New Orleans Saints",NO,"DST10","170","230","209.2","16.7","-"
"204",12,"James Robinson",FA,"RB64","183","256","209.6","25.5","-"
"205",12,"Cincinnati Bengals",CIN,"DST11","200","248","210.9","18.1","-"
"206",12,"David Bell",CLE,"WR78","186","261","211.9","18.6","-"
"207",12,"Los Angeles Rams",LAR,"DST12","169","234","212.4","17.5","-"
"208",12,"Jordan Addison",FA,"WR79","105","262","170.5","63.6","-"
"209",12,"DeVante Parker",NE,"WR80","196","263","212.9","18.3","-"
"210",12,"Kansas City Chiefs",KC,"DST13","200","234","214.7","11.6","-"
"211",12,"Terrace Marshall Jr.",CAR,"WR81","210","231","216.0","5.4","-"
"212",12,"Marquez Valdes-Scantling",KC,"WR82","195","245","216.9","13.8","-"
"213",12,"Isaiah Likely",BAL,"TE26","167","267","217.5","28.7","-"
"214",12,"Pittsburgh Steelers",PIT,"DST14","207","234","217.8","8.1","-"
"215",12,"Nick Folk",NE,"K6","215","231","218.9","5.1","-"
"216",12,"Jelani Woods",IND,"TE27","144","282","220.9","43.9","-"
"217",12,"Ryan Tannehill",TEN,"QB24","193","284","221.6","34.1","-"
"218",12,"Gus Edwards",BAL,"RB65","162","272","221.7","29.2","-"
"219",12,"Younghoe Koo",ATL,"K7","215","249","222.5","10.6","-"
"220",12,"Isaiah McKenzie",BUF,"WR83","196","263","223.9","20.1","-"
"221",12,"Nyheim Hines",BUF,"RB66","176","308","225.2","43.8","-"
"222",12,"Taysom Hill",NO,"TE28","179","267","226.9","33.0","-"
"223",12,"Robbie Gould",FA,"K8","215","247","227.0","8.1","-"
"224",12,"Corey Davis",NYJ,"WR84","212","269","227.3","18.0","-"
"225",12,"Jason Sanders",MIA,"K9","221","239","227.8","6.1","-"
"226",12,"Los Angeles Chargers",LAC,"DST15","201","248","229.1","13.0","-"
"227",12,"Cleveland Browns",CLE,"DST16","213","253","229.4","11.5","-"
"228",12,"Ryan Succop",TB,"K10","215","253","230.0","10.9","-"
"229",12,"John Metchie III",HOU,"WR85","188","262","231.7","18.2","-"
"230",12,"Van Jefferson",LAR,"WR86","216","263","231.7","16.6","-"
"231",12,"Brandon McManus",DEN,"K11","221","249","231.8","7.0","-"
"232",12,"Washington Commanders",WAS,"DST17","207","303","232.1","28.2","-"
"233",12,"Indianapolis Colts",IND,"DST18","164","266","232.7","27.9","-"
"234",12,"Matt Gay",FA,"K12","204","253","238.3","14.7","-"
"235",13,"Zay Flowers",FA,"WR87","121","270","204.6","56.2","-"
"236",13,"Green Bay Packers",GB,"DST19","206","266","242.2","17.1","-"
"237",13,"Zack Moss",IND,"RB67","192","283","242.4","27.7","-"
"238",13,"Sterling Shepard",NYG,"WR88","205","311","242.6","29.5","-"
"239",13,"Matt Prater",ARI,"K13","218","275","243.6","13.9","-"
"240",13,"Cade Otton",TB,"TE29","209","267","246.3","14.8","-"
"241",13,"Irv Smith Jr.",FA,"TE30","209","282","247.5","22.2","-"
"242",13,"Jake Elliott",PHI,"K14","233","274","248.2","8.9","-"
"243",13,"Sam Howell",WAS,"QB25","193","334","248.3","43.3","-"
"244",13,"J.D. McKissic",FA,"RB68","177","353","249.2","52.1","-"
"245",13,"Bryce Young",FA,"QB26","126","323","216.1","57.9","-"
"246",13,"JaMycal Hasty",JAC,"RB69","198","289","250.0","27.2","-"
"247",13,"Julio Jones",FA,"WR89","226","304","250.1","27.4","-"
"248",13,"Marvin Jones Jr.",FA,"WR90","222","315","252.8","32.4","-"
"249",13,"Jordan Mason",SF,"RB70","227","310","253.4","20.0","-"
"250",13,"Richie James Jr.",FA,"WR91","186","363","253.8","37.2","-"
"251",13,"Devon Achane",FA,"RB71","117","318","221.9","75.6","-"
"252",13,"Miami Dolphins",MIA,"DST20","210","278","260.7","24.9","-"
"253",13,"Jason Myers",SEA,"K15","245","309","260.9","19.7","-"
"254",13,"Graham Gano",NYG,"K16","249","300","261.2","17.3","-"
"255",13,"Albert Okwuegbunam",DEN,"TE31","236","282","261.3","15.1","-"
"256",13,"Logan Thomas",WAS,"TE32","232","315","261.9","19.2","-"
"257",13,"Melvin Gordon III",FA,"RB72","189","377","253.6","43.5","-"
"258",13,"Kyren Williams",LAR,"RB73","198","325","263.8","37.0","-"
"259",13,"Hassan Haskins",TEN,"RB74","217","318","265.1","28.5","-"
"260",13,"Robert Tonyan",FA,"TE33","236","294","265.2","15.7","-"
"261",13,"Mack Hollins",FA,"WR92","212","306","266.1","27.2","-"
"262",13,"Josh Reynolds",DET,"WR93","240","315","266.4","25.6","-"
"263",13,"Josh Downs",FA,"WR94","173","301","237.8","49.3","-"
"264",13,"Jacksonville Jaguars",JAC,"DST21","211","330","268.3","30.6","-"
"265",13,"Tank Bigsby",FA,"RB75","127","327","226.8","81.1","-"
"266",13,"KJ Hamler",DEN,"WR95","243","364","272.3","28.2","-"
"267",13,"Tyrion Davis-Price",SF,"RB76","236","331","273.6","26.8","-"
"268",13,"Kendre Miller",FA,"RB77","120","340","235.9","88.5","-"
"269",13,"Kendrick Bourne",NE,"WR96","240","359","276.6","30.2","-"
"270",13,"Kenyan Drake",FA,"RB78","199","326","276.6","32.9","-"
"271",13,"Jimmy Garoppolo",LV,"QB27","202","353","278.1","40.4","-"
"272",13,"Jalin Hyatt",FA,"WR97","150","302","250.8","49.0","-"
"273",13,"Greg Joseph",MIN,"K17","276","281","278.6","2.4","-"
"274",13,"Jonnu Smith",ATL,"TE34","260","305","278.9","15.7","-"
"275",13,"C.J. Stroud",FA,"QB28","163","338","252.4","69.7","-"
"276",13,"Tim Patrick",DEN,"WR98","242","368","279.8","32.6","-"
"277",13,"Odell Beckham Jr.",FA,"WR99","222","293","263.6","25.2","-"
"278",13,"Wil Lutz",NO,"K18","256","288","280.4","7.7","-"
"279",13,"Laviska Shenault Jr.",CAR,"WR100","262","344","281.3","24.0","-"
"280",13,"Quez Watkins",PHI,"WR101","263","328","281.6","18.5","-"
"281",13,"Jarvis Landry",FA,"WR102","227","301","265.3","19.7","-"
"282",13,"Carolina Panthers",CAR,"DST22","258","303","282.1","10.3","-"
"283",13,"Greg Zuerlein",NYJ,"K19","254","298","286.1","9.3","-"
"284",13,"Latavius Murray",FA,"RB79","227","336","279.5","27.1","-"
"285",13,"Desmond Ridder",ATL,"QB29","254","348","287.5","38.7","-"
"286",13,"Brett Maher",FA,"K20","252","332","287.8","21.5","-"
"287",13,"Zach Evans",FA,"RB80","127","333","238.3","80.8","-"
"288",13,"Devin Duvernay",BAL,"WR103","261","335","281.7","18.3","-"
"289",13,"Tennessee Titans",TEN,"DST23","250","318","289.1","19.0","-"
"290",14,"Austin Hooper",FA,"TE35","258","348","290.5","23.4","-"
"291",14,"Dustin Hopkins",LAC,"K21","251","292","283.9","12.8","-"
"292",14,"Jordan Love",GB,"QB30","172","391","291.0","59.5","-"
"293",14,"Brock Purdy",SF,"QB31","238","334","292.1","28.6","-"
"294",14,"Kayshon Boutte",FA,"WR104","208","306","264.3","38.9","-"
"295",14,"Chris Boswell",PIT,"K22","290","304","298.1","4.8","-"
"296",14,"Jerome Ford",CLE,"RB81","272","358","299.1","26.7","-"
"297",14,"Chosen Anderson",FA,"WR105","231","374","295.2","41.1","-"
"298",14,"New York Giants",NYG,"DST24","278","314","303.3","8.0","-"
"299",14,"Boston Scott",PHI,"RB82","259","364","299.4","36.3","-"
"300",14,"Rodrigo Blankenship",FA,"K23","223","324","294.9","30.4","-"
"301",14,"Dontrell Hilliard",FA,"RB83","272","381","308.7","34.6","-"
"302",14,"Arizona Cardinals",ARI,"DST25","266","326","308.9","17.9","-"
"303",14,"Ka'imi Fairbairn",HOU,"K24","297","326","309.7","9.0","-"
"304",14,"Mason Crosby",FA,"K25","287","316","304.3","8.8","-"
"305",14,"Darrell Henderson Jr.",FA,"RB84","238","375","292.3","33.2","-"
"306",14,"Seattle Seahawks",SEA,"DST26","300","323","313.0","5.9","-"
"307",14,"Eno Benjamin",NO,"RB85","256","383","302.4","30.6","-"
"308",14,"Minnesota Vikings",MIN,"DST27","278","330","314.5","15.3","-"
"309",14,"Sean Tucker",FA,"RB86","147","355","277.1","75.7","-"
"310",14,"Khalil Shakir",BUF,"WR106","187","311","236.0","41.4","-"
"311",14,"Detroit Lions",DET,"DST28","292","345","312.2","11.3","-"
"312",14,"Justin Jackson",FA,"RB87","282","365","317.9","20.3","-"
"313",14,"Chris Evans",CIN,"RB88","264","363","312.7","23.3","-"
"314",14,"Braxton Berrios",FA,"WR107","270","385","313.7","37.6","-"
"315",14,"Matt Breida",NYG,"RB89","274","362","314.6","25.9","-"
"316",14,"Nick Westbrook-Ikhine",TEN,"WR108","285","351","310.7","21.4","-"
"317",14,"Darrel Williams",FA,"RB90","280","358","317.9","27.4","-"
"318",14,"Kenny Golladay",FA,"WR109","268","394","309.5","34.5","-"
"319",14,"Riley Patterson",JAC,"K26","285","324","302.3","10.6","-"
"320",14,"Cairo Santos",CHI,"K27","309","332","321.7","5.5","-"
"321",14,"Michael Mayer",FA,"TE36","167","325","262.1","55.9","-"
"322",14,"Israel Abanikanda",FA,"RB91","238","359","307.6","39.0","-"
"323",14,"Jamison Crowder",FA,"WR110","270","382","317.6","38.4","-"
"324",14,"Tyler Conklin",NYJ,"TE37","232","321","271.4","26.8","-"
"325",14,"Rex Burkhead",FA,"RB92","235","383","313.3","36.9","-"
"326",14,"Will Levis",FA,"QB32","254","377","315.3","41.0","-"
"327",14,"Nelson Agholor",FA,"WR111","298","378","323.5","31.4","-"
"328",14,"Rashee Rice",FA,"WR112","226","317","252.7","32.2","-"
"329",15,"Marlon Mack",FA,"RB93","302","387","337.5","24.5","-"
"330",15,"Roschon Johnson",FA,"RB94","143","353","233.0","89.9","-"
"331",15,"Salvon Ahmed",MIA,"RB95","311","392","339.9","23.5","-"
"332",15,"Myles Gaskin",FA,"RB96","299","368","325.6","19.2","-"
"333",15,"Jameis Winston",NO,"QB33","312","387","342.4","20.8","-"
"334",15,"Ty Johnson",FA,"RB97","307","392","338.5","28.7","-"
"335",15,"Mark Ingram II",FA,"RB98","281","387","329.3","34.3","-"
"336",15,"DeeJay Dallas",SEA,"RB99","303","386","337.8","24.0","-"
"337",15,"Baker Mayfield",FA,"QB34","304","385","338.0","27.1","-"
"338",15,"Foster Moreau",FA,"TE38","282","350","308.6","21.1","-"
"339",15,"Cedric Tillman",FA,"WR113","242","328","279.3","30.1","-"
"340",15,"DeWayne McBride",FA,"RB100","161","374","259.2","81.9","-"
"341",15,"Ronald Jones II",FA,"RB101","313","376","336.1","15.8","-"
"342",15,"Noah Brown",HOU,"WR114","285","350","305.9","20.7","-"
"343",15,"Deuce Vaughn",FA,"RB102","176","359","271.4","66.0","-"
"344",15,"Anthony Richardson",FA,"QB35","241","367","310.7","38.1","-"
"345",15,"Greg Dortch",ARI,"WR115","223","385","276.8","57.7","-"
"346",15,"Deon Jackson",IND,"RB103","312","393","340.7","21.4","-"
"347",15,"Marvin Mims",FA,"WR116","226","361","287.0","53.9","-"
"348",15,"Jake Ferguson",DAL,"TE39","256","366","318.7","36.8","-"
"349",15,"Tyjae Spears",FA,"RB104","88","176","132.0","44.0","-"
"350",15,"Randy Bullock",FA,"K28","308","342","321.6","11.4","-"
"351",15,"Brevin Jordan",HOU,"TE40","299","335","309.8","13.2","-"
"352",15,"Michael Badgley",DET,"K29","315","339","322.6","8.6","-"
"353",15,"Kenny McIntosh",FA,"RB105","235","361","312.5","38.0","-"
"354",15,"Chicago Bears",CHI,"DST29","307","347","327.4","15.1","-"
"355",15,"Evan Hull",FA,"RB106","84","227","155.5","71.5","-"
"356",15,"Keaontay Ingram",ARI,"RB107","238","358","301.8","42.5","-"
"357",15,"Tyler Davis",FA,"K30","250","326","302.2","27.1","-"
"358",15,"Jalen Tolbert",DAL,"WR117","286","324","304.0","14.2","-"
"359",15,"Carson Wentz",FA,"QB36","328","396","351.9","23.4","-"
"360",15,"Trestan Ebner",CHI,"RB108","176","372","310.6","70.5","-"
"361",15,"Ben Skowronek",LAR,"WR118","293","340","316.4","16.7","-"
"362",15,"Eric Gray",FA,"RB109","259","363","318.6","33.7","-"
"363",15,"Ameer Abdullah",LV,"RB110","305","388","332.2","26.9","-"
"364",15,"Kevin Harris",NE,"RB111","289","314","300.8","11.8","-"
"365",15,"Mohamed Ibrahim",FA,"RB112","238","382","303.5","63.1","-"
"366",15,"Adam Trautman",NO,"TE41","334","359","345.0","7.9","-"
"367",15,"Harrison Bryant",CLE,"TE42","305","364","337.0","18.9","-"
"368",15,"Dalton Kincaid",FA,"TE43","319","366","338.3","15.1","-"
"369",15,"Puka Nacua",FA,"WR119","205","247","226.0","21.0","-"
"370",15,"Parker Washington",FA,"WR120","262","379","318.5","53.3","-"
"371",15,"Xavier Hutchinson",FA,"WR121","206","389","319.3","68.5","-"
"372",15,"Will Dissly",SEA,"TE44","339","356","346.3","6.0","-"
"373",15,"Jeremy Ruckert",NYJ,"TE45","246","352","321.8","43.8","-"
"374",15,"Kylen Granson",IND,"TE46","319","383","346.8","19.5","-"
"375",15,"Houston Texans",HOU,"DST30","304","355","338.2","19.1","-"
"376",15,"Andy Dalton",FA,"QB37","197","397","325.3","80.9","-"
"377",15,"Kyle Philips",TEN,"WR122","304","373","339.6","28.5","-"
"378",15,"Jordan Akins",FA,"TE47","335","380","350.2","16.1","-"
"379",15,"Mo Alie-Cox",IND,"TE48","336","368","357.6","11.5","-"
"380",15,"Las Vegas Raiders",LV,"DST31","300","345","328.8","17.6","-"
"381",15,"Olamide Zaccheaus",FA,"WR123","328","369","342.6","14.5","-"
"382",15,"Luke Musgrave",FA,"TE49","343","351","346.8","3.2","-"
"383",15,"Noah Gray",KC,"TE50","305","371","347.4","23.8","-"
"384",15,"Sam Darnold",SF,"QB38","333","386","349.4","19.4","-"
"385",16,"Tutu Atwell",LAR,"WR124","311","374","349.8","25.6","-"
"386",16,"Velus Jones Jr.",CHI,"WR125","333","375","351.2","14.7","-"
"387",16,"Jarrett Stidham",DEN,"QB39","315","387","351.6","30.1","-"
"388",16,"Cade York",CLE,"K31","287","342","322.7","25.3","-"
"389",16,"Darnell Washington",FA,"TE51","291","365","342.5","30.1","-"
"390",16,"Marquez Callaway",NO,"WR126","333","385","353.4","20.5","-"
"391",16,"Malik Davis",DAL,"RB113","257","322","289.5","32.5","-"
"392",16,"Ty Chandler",MIN,"RB114","239","376","325.3","61.4","-"
"393",16,"Jauan Jennings",SF,"WR127","342","373","355.0","10.3","-"
"394",16,"Travis Homer",SEA,"RB115","313","391","355.4","29.0","-"
"395",16,"Tommy Tremble",CAR,"TE52","341","376","355.8","14.7","-"
"396",16,"C.J. Uzomah",NYJ,"TE53","352","371","363.0","7.7","-"
"397",16,"Mike White",MIA,"QB40","241","382","329.3","62.9","-"
"398",16,"Rico Dowdle",FA,"RB116","272","330","301.0","29.0","-"
"399",16,"Zach Wilson",NYJ,"QB41","331","379","350.0","17.8","-"
"400",16,"T.Y. Hilton",FA,"WR128","306","395","359.4","32.2","-"
"401",16,"Chris Moore",FA,"WR129","306","383","359.4","27.7","-"
"402",16,"Demarcus Robinson",FA,"WR130","339","378","359.4","14.9","-"
"403",16,"Caleb Huntley",ATL,"RB117","326","382","350.3","21.5","-"
"404",16,"Kene Nwangwu",MIN,"RB118","233","385","309.0","76.0","-"
"405",16,"Donald Parham Jr.",FA,"TE54","354","389","362.0","13.5","-"
"406",16,"Cedrick Wilson Jr.",MIA,"WR131","351","374","365.2","8.7","-"
"407",16,"Ke'Shawn Vaughn",TB,"RB119","303","333","318.0","15.0","-"
"408",16,"James Mitchell",DET,"TE55","297","389","365.6","34.7","-"
"409",16,"Dyami Brown",WAS,"WR132","341","395","365.6","18.9","-"
"410",16,"Cameron Brate",FA,"TE56","346","376","365.8","11.4","-"
"411",16,"Danny Gray",SF,"WR133","301","377","348.3","33.7","-"
"412",16,"Davis Mills",HOU,"QB42","283","381","332.0","49.0","-"
"413",16,"Matt Ryan",FA,"QB43","336","382","353.7","20.2","-"
"414",16,"Trent Sherfield",FA,"WR134","301","369","335.0","34.0","-"
"415",16,"Brock Wright",DET,"TE57","331","393","372.4","23.1","-"
"416",16,"Kalif Raymond",DET,"WR135","365","390","374.0","8.9","-"
"417",16,"Snoop Conner",JAC,"RB120","325","381","359.3","24.6","-"
"418",16,"Chase McLaughlin",FA,"K32","339","353","346.0","7.0","-"
"419",16,"Jacoby Brissett",FA,"QB44","316","380","348.0","32.0","-"
"420",16,"Raheem Blackshear",CAR,"RB121","324","378","351.0","27.0","-"
"421",16,"Sony Michel",FA,"RB122","336","367","351.5","15.5","-"
"422",16,"Darrynton Evans",CHI,"RB123","328","376","352.0","24.0","-"
"423",16,"DeAndre Carter",FA,"WR136","369","396","383.0","9.4","-"
"424",16,"Sammy Watkins",FA,"WR137","360","365","362.5","2.5","-"
"425",16,"Tre'Quan Smith",NO,"WR138","339","390","364.5","25.5","-"
"426",16,"Equanimeous St. Brown",CHI,"WR139","347","386","366.5","19.5","-"
"427",16,"Tre' McKitty",LAC,"TE58","375","388","382.5","5.0","-"
"428",16,"Tylan Wallace",BAL,"WR140","372","384","379.7","5.4","-"
"429",16,"Justyn Ross",KC,"WR141","371","390","380.5","9.5","-"
"430",16,"Cole Turner",WAS,"TE59","371","390","380.5","9.5","-"
"431",16,"Dan Arnold",FA,"TE60","381","394","386.7","5.4","-"
"432",16,"Craig Reynolds",DET,"RB124","379","386","382.5","3.5","-"